accident,accident_map
-1.8160922527313232,0
0.4754209220409393,1
2.7669341564178467,2
