clean_title,clean_title_map
-0.358007401227951,0
2.7932233810424805,1
