Data point,Error
0,742.45751953125
1,3.140120267868042
2,1.6306231021881104
3,1.1552354097366333
