Data point,Error
0,5.320826053619385
1,0.6799269914627075
2,0.6776407361030579
3,0.6759821772575378
