Data point,Error
0,558.5838623046875
1,2.6194729804992676
2,2.621037244796753
