Data point,Error
0,25.233732223510742
1,0.8121455907821655
2,0.6982303857803345
3,0.6759905219078064
