weight_set_ID,in_node_ID,out_node_ID,weight
0,0,0,6.64744758605957
0,0,1,7.488697052001953
0,1,0,0.05606760457158089
0,1,1,-0.12328014522790909
0,2,0,12.781783103942871
0,2,1,11.92699146270752
0,3,0,7.623482704162598
0,3,1,6.669030666351318
0,4,0,-0.20842593908309937
0,4,1,0.13596713542938232
1,0,0,1.8654712438583374
1,1,0,6.50846529006958
