weight_set_ID,in_node_ID,out_node_ID,weight
0,0,0,0.2626318335533142
0,0,1,0.3625573515892029
0,1,0,0.22311395406723022
0,1,1,-0.26560354232788086
0,2,0,-0.07755884528160095
0,2,1,0.4464375376701355
0,3,0,-0.4202815890312195
0,3,1,-0.3362504839897156
0,4,0,-0.20842593908309937
0,4,1,0.13596713542938232
1,0,0,0.202528178691864
1,1,0,-0.00480121374130249
